{
  "name": "swade_skill_icons",
  "title": "Skill icons for SWADE",
  "description": "A small module to add icons to skills in SWADE sheets",
  "minimunCoreVersion": "0.7.5",
  "compatibleCoreVersion": "0.7.9",
  "version": "1.0.1",
  "author": "Javier Rivera",
  "systems": ["swade"],
  "esmodules": ["./scripts/skillicons.js"],
  "styles": ["./css/skillimages.css"],
  "url": "https://github.com/javierriveracastro/swade-skill-icons",
  "manifest": "https://raw.githubusercontent.com/javierriveracastro/swade-skill-icons/master/swade_skill_icons/module.json",
  "download": "https://github.com/javierriveracastro/swade-skill-icons/raw/master/swade_skill_icons.zip"
}